sentence1,sentence2,sentence3,sentence4,sentence5
"For more information , please view this third party 's privacy policy .",You may choose to opt-out of this third party 's analysis of your browsing and purchasing behavior on such Barnes & Noble Website .,"To help us understand the effectiveness of certain of our communications and marketing efforts , we may use sensing technologies that use pixel tags or clear GIFs ( which are also called web beacons ) .","For this purpose , we tie the pixel tags and clear gifs to personally identifiable information .",We may also collect information regarding the links within such marketing materials that you click on and purchase statistics regarding items you buy following receipt of such marketing .
"For example , we may receive and collect information concerning device registration , settings , usage , firmware version , signal strength , search queries , network interaction , the name of the network from which you access the Internet , the Internet Protocol ( IP ) address of the device you are using , unique device identifiers ( UDIDs ) , downloads , sideloaded content , configuration , or service information relating to any malfunction of the Device or App .","This may include information regarding your reading or , in the case of videos , viewing behavior on such Devices or Apps , such as books or videos opened , page turns , bookmarks , annotations , or customer reviews .","In addition , to provide location-based services on Devices or through Apps , Barnes & Noble and third party application providers may automatically collect real-time geographic location information or other location-based information about you and your Device or other mobile device on which the App is installed .","This information may be used to provide certain device or application functionality or to offer , provide and improve products and services .","We may collect personal information and other information about you from business partners , contractors and other third parties ."
"This includes , but is not limited to , instances in which you affirmatively authorize third parties to provide us with information .","Such information may be collected via , but not limited to , software applications that you download or use on your Device or that otherwise allow you to interact with the Barnes & Noble enterprise .","For example , if you link your UltraViolet account with your account with us , we may collect certain information regarding movies or television shows you have purchased from third parties as part of your UltraViolet collection of digital content .","If you rent or purchase textbooks from Barnes & Noble College Booksellers , we may also collect information about you from your college or university .","This information may be used for a number of purposes including providing our services to you , sending postal mail and e-mail , fulfilling orders , removing repetitive or unnecessary information from customer lists , analyzing data , providing marketing support , customer authentication , providing search results and links ( including paid listings and links ) , providing customer service and processing credit card payments ."
"If you link your account with us to your UltraViolet account , we may collect information regarding UltraViolet-enabled movies and television shows you have purchased from third party retailers .",This will enable you to download or stream movies or television shows from us that you have purchased from us from such third parties .,"Additionally , Barnes & Noble may transfer your personal information to other countries , for example because a server or third party service provider is located there .","The data protection and privacy laws of other countries , including the United States , may not afford you the same level of protection as those in your own country .",Barnes & Noble will take appropriate steps to protect your information .
"Barnes & Noble uses your personal information to provide you with a superior customer experience and , as necessary , to administer our business .","Administer sweepstakes , contests , promotions or surveys and provide appropriate notifications ;","Communicate with you about special offers , events , or new products or services that may be of interest to you ;","Make communications necessary to notify you regarding security , privacy , and administrative issues ; and","Barnes & Noble DOES NOT SELL OR RENT YOUR PERSONAL INFORMATION TO THIRD PARTIES provided that your data may be transferred to or shared with a third party as part of a sale , merger , or acquisition of Barnes & Noble or one of its affilliates ( see `` Sales , Mergers , and Acquisitions '' below ) ."
Many of our customers purchase items from us both online and in our stores .,"In addition , Barnes & Noble owns and operates other operations and businesses and we share and use your personal information with our other business units and operations and may continue to do so even after such business units or operations are sold .","We share your personal information within the Barnes & Noble enterprise ( i ) to help to ensure that you have a superior shopping or browsing experience no matter where you choose to shop or browse with us , ( ii ) to provide customer support and related services , ( iii ) to provide other services and products that might be of interest to you , ( iv ) to provide and/or manage certain cross-company promotions or programs ( e.g . to honor your Barnes & Noble Member Program rewards ) , ( v ) to facilitate purchases of Devices or content ( or other products ) from within the Barnes & Noble enterprise , ( vi ) if we provide you with in store services and/or customer support for Devices and content , ( vii ) in connection with our commercial arrangements and business relationships within the Barnes & Noble enterprise , and ( viii ) as otherwise reasonably determined to provide a comprehensive retail and digital content experience for our joint customers .",We provide personal information to our partners that provide product and service offerings or technologies that we think may be of interest to you .,Our partnerships may also result in products and services that allow you to publish Digital Content that may be shared with our partners .
"We may offer you the opportunity to opt-in to receive information from our partners , which may result in your personal information being shared with our partners .","As part of our ongoing partnership with Microsoft Corporation ( `` Microsoft '' ) , we may share your personal information with Microsoft and its affiliates and subsidiaries under certain circumstances .","If you consent to such sharing ( including , without limitation , in connection with using a Microsoft account ) , Microsoft may use your personal information to provide products and services to you related to your Device , Digital Content and Barnes & Noble and Microsoft services and products .","These products and services may include , without limitation : ( i ) to enable purchases of Digital Content by you and provide Digital Content to you , ( ii ) to allow you to access , view and consume your Digital Content and provide related services to you , ( iii ) to publish certain Digital Content created by users and customers ( as may be more fully set forth in any applicable terms or policies related thereto ) , ( iv ) to create and manage cross company user accounts and applications related to your Devices and Digital Content , including in connection with the integration between the Microsoft user and ID systems and Microsoft commerce platform and our products and services , ( v ) to offer joint product or service offerings , ( vi ) to provide customer support , ( vii ) to provide information to you regarding Microsoft product and service offerings , and ( viii ) as otherwise reasonably determined by us .",Please note that any information provided to Microsoft will be treated by Microsoft in accordance with its applicable privacy policies in effect from time to time .
"Service providers , subcontractors and agents who perform services on our behalf .","We provide personal information to third party service providers , subcontractors , and agents that work under contract on our behalf to provide certain services .",These third parties do not have the right to use personal information we provide to them in any way that is not authorized by Barnes & Noble .,They are contractually obligated to use such information only as necessary to assist us and to maintain the confidentiality and security of such information .,Third party providers of products and services .
These are third parties that provide products and services you may purchase or request from or through us .,These third parties do not have the right to use personal information we provide to them in any way that is not authorized by Barnes & Noble .,They are contractually obligated to use such information only as necessary to assist us and to maintain the confidentiality and security of such information .,"If you purchase UltraViolet-enabled movies or television shows from us , we may provide you with the opportunity to link your account with us to your UltraViolet account .",This will enable you to download or stream movies or television shows that you have purchased from us from third party retailers who are part of the UltraViolet content ecosystem .
Third Party Membership Programs .,We work with certain third party entities to help them administer their own membership or rewards programs by providing them with purchasing information about their customers who make purchase from Barnes & Noble .,We disclose only the information that is necessary to make these third party programs work and to support your membership in them .,This information usually includes your name and e-mail address as well as the dollar amount of the purchases made at Barnes & Noble .,"We require such entities to obtain your consent before we provide them with this information , which they usually do as part of their own membership or participation rules ."
Credit card transactions are handled by third party financial institutions and their vendors and contractors who receive credit card numbers and other personal information from us to verify the credit card numbers and process transactions .,"Although Barnes & Noble 's treatment of this information is governed by this policy , the use of your information by the third party financial institutions and their vendors and contractors will be subject to their own privacy policies .","Barnes & Noble may release personal information to third parties when we determine , in our judgment , that it is necessary to ( a ) comply with the law , regulation , legal process , or enforceable governmental request ; ( b ) enforce or apply the terms of any of our policies or user agreements ; or ( c ) protect the rights , property or safety of Barnes & Noble , our employees , our customers , users , or others .","In some instances , we may offer a service or feature that is co-branded by Barnes & Noble and a third party company .","If you provide information in connection with such co-branded service or feature , that information may be shared between Barnes & Noble and the third party ."
"Although Barnes & Noble 's treatment of the information is governed by this policy , the third party 's treatment of your information will be subject to the third party 's privacy policy .","In some instances , we may operate a Barnes & Noble Website on behalf of a third party .","If you provide information in connection with a Barnes & Noble Website operated by Barnes & Noble on behalf of a third party , that information may be shared between Barnes & Noble and the third party .","Although Barnes & Noble 's treatment of the information is governed by this policy , the third party 's treatment of your information will be subject to the third party 's privacy policy .","Barnes & Noble College Booksellers may offer the ability to rent or purchase products or services through financial aid , student loans or similar programs ."
"We may share your information with your college or university , lenders or other providers in order to process payments if you choose these payment methods .","If Barnes & Noble becomes involved in a merger , acquisition , restructuring , reorganization , or any form of sale or other disposition of some or all of its assets , personal information and your transaction history may be provided to the entities and advisors involved subject to a confidentiality agreement , and we will provide notice to you at your email address on file before any personal information is finally transferred and becomes subject to a different privacy policy .","Such a transaction may involve us ( i ) retaining the right to continue to use transferred personal information in addition to the right of the transferee to use such information , and ( ii ) engaging in additional transfers of personal information ( including new personal information ) with the transferee from time to time following such a transaction .","In connection with some Digital Content orders , in order to complete your transaction , we may need to forward your name , magazine , catalog or newspaper order , email address , and shipping or billing address to our content providers .","Magazine , catalog and newspaper publishers may use this information to fulfill your order and for other purposes ."
"In connection with purchases of certain Digital Content , we may need to forward information about you ( including , for example , your Internet Protocol ( IP ) address ) to the Digital Content provider in order to enable you to download or purchase Digital Content from or through that provider .","We take significant and appropriate security measures , including physical , technological and procedural measures , to help to safeguard your personal information and to prevent unauthorized access and disclosure .","In addition , we use industry-standard technology , such as Secure Sockets Layer ( SSL ) encryption technology in the transmission of certain sensitive personal information , designed to prevent unauthorized persons from gaining access to your personal information , and , as technology develops , we intend to take additional measures to improve security .","While we are focused on the security of your personal information and follow strict standards , processes and procedures that are designed to protect your personal information , you must remember that the Internet is a global communications vehicle open to threats , viruses and intrusions from others and so we can not promise , and you should not expect , that we will be able to protect your personal information at all times and in all circumstances .","When you interact with Barnes & Noble in certain ways , you may be eligible to receive certain marketing-related and promotional communications as well as special offers ( collectively `` Promotional Communications '' ) from Barnes & Noble that may include advertisements from third parties ."
The most common of these circumstances include :,"Where you have consented to receiving Promotional Communications from the Barnes & Noble enterprise , you may choose to opt-out at any time by following the instructions below .","For Barnes & Noble Booksellers : At any time , a customer may choose to opt-out of the receipt of any promotional communications by clicking on the opt-out link provided at the bottom of each e-mail and following the instructions , or by e-mailing our Customer Service Department by clicking here .","For Barnes & Noble College Booksellers : At any time , a customer may choose to opt-out of the receipt of any promotional communications by clicking on the opt-out link provided at the bottom of each e-mail and following the instructions .",For barnesandnoble.com : Any account holder can opt-out of the receipt of any promotional communications by logging onto their Account and following the instructions under `` Communication Preferences '' .
"If you do not have a barnesandnoble.com account , you may opt-out of the receipt of such communications by selecting the link at the bottom of any promotional e-mail communication and following the instructions .",For Barnes & Noble Member program : Any Member can opt-out of the receipt of any Member program promotional communications by logging on to their barnesandnoble.com Account and following the instructions under `` Change Your Communication Preferences . '',"If you do not have a barnesandnoble.com account , you may opt-out of the receipt of such communications by selecting the link at the bottom of any promotional e-mail communication and following the instructions .","For Barnes & Noble Educator program : Any Educator can opt-out of the receipt of any promotional communications by logging on to their barnesandnoble.com Account , clicking `` Communication Preferences , '' and following instructions under `` Change Communication Preferences . ''","If you do not have a barnesandnoble.com account , you may opt-out of the receipt of such communications by clicking on the opt-out link provided at the bottom of each e-mail and following the instructions ."
You can change your personal information and your communication preferences when you follow this link .,"Even if you opt-out of receiving Promotional Communications , you may continue to receive e-mails relating to order confirmations , back order notifications , membership information , and/or other business-related communications .","However , you can not currently change your profile name although you may re-register and choose a new name .",Please be advised that Barnes & Noble may archive information it collects on its community and visitors .,"Additionally , by participating in the Barnes & Noble online interactive community , and using Barnes & Noble 's various interactive offerings , including , the submission of customer reviews , or participation in the Barnes & Noble Book Clubs , you agree to receive communications from Barnes & Noble , other users , and moderators related to the provision of these services ."
"You may access , correct or change the personal information in your community profile ( s ) on Lark Crafts and Pixiq at any time .","Additionally , by using Lark Crafts and/or Pixiq 's various interactive offerings , you agree to receive communications from Barnes & Noble , Lark Crafts , Pixiq , other users , and moderators related to the provision of these services .","You may also access , correct or change the personal information in your community profile ( s ) on SparkNotes.com at any time , except to change your username .","Additionally , by using SparkNotes.com 's various interactive offerings , you agree to receive communications from Barnes & Noble , SparkNotes , other users , and moderators related to the provision of these services .",We will retain your information for as long as your account is active or as needed to provide you with services .
"We will retain and use your information as necessary to comply with our legal obligations , resolve disputes , and enforce our agreements .",What other information about Barnes & Noble 's Privacy Policy would I want to know ?,"Except as noted below : ( i ) our products and services are marketed for and directed towards purchase by adults or with the consent of adults ; ( ii ) Individuals under the age of 18 ( `` Minors '' ) are not permitted to use Barnes & Noble Websites or Apps without the supervision of a parent or legal guardian ; ( iii ) we do not knowingly collect or solicit personal information from children under the age of 13 or knowingly allow such persons to register for an online account or to post personal information on the Barnes & Noble Websites ; and ( iv ) should we learn that someone under the age of 13 has provided any personal information to or on any of the Barnes & Noble Websites , we will remove that information as soon as possible .","If we direct certain Devices features or Apps to Minors who may be under the age of 13 , we require the parent or legal guardian to provide verifiable consent to such Minor 's use of our products and services and our collection of personal information in connection with such use .","With your consent , we may collect , use and share information regarding Minors under the age of 13 consistent with this Privacy Policy ."
"We will , at your request , remove personal information about your child from its database and instruct our affiliates and third party partners to do the same .","Please note that , as permitted by law , we may charge a nominal fee for information requests and may require you to prove your identity .",Third Party Applications : We are not responsible for third party applications you may download and install on your Devices .,"While Barnes & Noble uses reasonable efforts to ensure that applications offered through our Application Stores meet compatibility and safety testing criteria , this Privacy Policy does not cover any data collection , use , or sharing by mobile device manufacturers , network service providers or third party application providers , unless such party has entered into a separate agreement with us as a business partner to share your personal information .","In such a case , we would require our business partner to disclose their data collection and sharing practices with you , and obtain your prior affirmative consent ."
Our use of any shared data under such an agreement would then be governed by our privacy policy .,All other collection of personal information by a third party application provider shall be subject to the terms of such provider 's privacy policy .,Third Party Websites and Web-Tracking,We may partner with third party distributors of advertisements to deliver advertisements about our products and services when you visit other websites across the Internet .,These distributors of advertisements may place or access cookies on your computer which help us provide you with advertisements that are customized to your particular product preferences and improve the effectiveness of our marketing efforts .
"Please understand that Barnes & Noble does not control these third party cookies , and you should check the privacy policy of the Internet advertising company or advertiser to see whether and how it uses cookies .","Whenever you click on links and banners on any Barnes & Noble Website that take you to a third party website , you will be subject to the third party 's privacy policies , not Barnes & Noble 's .","In addition , our website includes links to other websites whose privacy practices may differ from those of Barnes & Noble .",If you are not satisfied with our response you can contact TRUSTe here .,"Unless otherwise disclosed at collection , we do not provide any personally identifying information collected through our web sites from individuals 17 years old and under , regardless of its source , to any third party for any purpose whatsoever ."
The information that may be gathered through our web sites is submitted to us voluntarily and knowingly by site users .,From time to time we may make names and postal addresses we have collected available to our affiliated third parties .,These are reputable companies whose products and/or services we feel may interest you .,"We may provide aggregate statistics about our customers , user traffic patterns and related site information to reputable third parties for statistical analysis , but these statistics will not include personally identifying information .","Demographic and preference information may be provided to allow advertising on our web sites to be targeted , in aggregate , to the users for whom they are most appropriate ."
We utilize industry standard secure encryption technology to ensure the privacy and security of the credit card numbers of anyone who places online orders with us .,"Both our e-mail and postal correspondence may include subscriber-only special offers , including discounts , free gifts , opportunities to win cash and prizes , as well as opportunities to enter the Reader 's Digest sweepstakes .",Please note Reader 's Digest will not share e-mail addresses we collect through our web sites with any unaffiliated third parties unless we specify at the point of collection .,"You may also opt out of being included in our postal mailing list at any time , by following the instructions below .","If , at any time , you prefer not to receive offers and/or other correspondence by mail or telephone originated by Reader 's Digest and its third party affiliates , you may choose to opt-out by calling 1-866-659-2887 or writing to us at the address below ."
"For general customer-service questions not related to privacy issues , please click here to visit our online Customer Care Centre .","For customer-service purposes , we maintain a record of e-mail messages and addresses sent to us , as well as any replies we may have sent in return .",Our web sites may include links to web sites of other companies unaffiliated with us .,"Reader 's Digest , Best Health and Our Canada as well as related web-hosting providers and advertisers sometimes utilize `` cookie '' technology .","Not all web browsers accept cookies , and those that do usually provide a preference or setting which allow you to refuse cookies ."
"If your browser does not accept cookies , you may not be able to fully participate in all our web sites ' features , including registration and entry into contests , prize draws and sweepstakes .","Server logs capture certain non-personally identifying data , such as the time and date of a web visit , the browser and operating system being used , the IP address or domain name of the user 's ISP , and the web URL a user linked from .",This information is used in aggregate form to help us plan system enhancements when necessary and to provide content which is compatible with our visitors ' web browsing systems .,"As set forth in our Terms of Use , the Bible Gateway Services are predominantly for a general audience , are not targeted to children , and do not knowingly collect personal information from children under 13 years of age .","It also describes generally Bible Gateway 's practices for handling non-personal information ( for example , interests , demographics and services usage ) ."
Bible Gateway and our service providers collect the following information from and about you :,"Registration Information may include , for example , name , email address , gender , zip code and birthday .","Public Information and Posts consist of comments or content that you post to the Bible Gateway Services and the information about you that accompanies those posts or content , which may include a name , user name , comments , likes , status , profile information and picture .","Public Information and Posts are always public , which means they are available to everyone and may be displayed in search results on external search engines .","If you access or log-in to a Bible Gateway Service through a social media service or connect a Bible Gateway Service to a social media service , the information we collect may also include your user ID and/or user name associated with that social media service , any information or content you have permitted the social media service to share with us , such as your profile picture , email address or friends lists , and any information you have made public in connection with that social media service ."
"When you access and interact with the Bible Gateway Services , we may collect certain information about those visits .","If you access the Bible Gateway Services from a mobile or other device , we may collect a unique device identifier assigned to that device , geolocation data , or other transactional information for that device .","Cookies and other tracking technologies ( such as browser cookies , pixels , beacons , and Adobe Flash technology including cookies ) are comprised of small bits of data that often include a de-identified or anonymous unique identifier .","Websites , apps and other services send this data to your browser when you first request a web page and then store the data on your computer so the website can access information when you make subsequent requests for pages from that service .","These technologies may also be used to collect and store information about your usage of the Bible Gateway Services , such as pages you have visited , content you have viewed , search queries you have run and advertisements you have seen ."
"Third parties that support the Bible Gateway Services by serving advertisements or providing services , such as allowing you to share content or tracking aggregate Bible Gateway Services usage statistics , may also use these technologies to collect similar information .",Bible Gateway does not control these third-party technologies and their use is governed by the privacy policies of third parties using such technologies .,"Most browsers are initially set to accept cookies , but you can change your settings to notify you when a cookie is being set or updated , or to block cookies altogether .","Please note that by blocking any or all cookies you may not have access to certain features , content or personalization available through the Bible Gateway Services .","We may supplement the information we collect with information from other sources , such as publicly available information from social media services , commercially available sources and information from our Bible Gateway Affiliates or business partners ."
"When the information collected from or about you does not identify you as a specific person , we may use that information for any purpose or share it with third parties .",To allow service providers to assist us in providing and managing the Bible Gateway Services .,"Bible Gateway may make your information available to certain third party service providers , such as contractors , agents or sponsors , who help us manage or provide the Bible Gateway Services .","If you log in with or connect a social media service account with Bible Gateway Services , we may share your user name , picture , and likes , as well as your activities and comments with other Bible Gateway Services users and with your friends associated with your social media service .",We may also share the same information with the social media service provider .
"By logging in with or connecting your Bible Gateway Services account with a social media service , you are authorizing us to share information we collect from and about you with the social media service provider , other users and your friends and you understand that the social media service 's use of the shared information will be governed by the social media service 's privacy policy .","We may offer co-branded services or features , such as contests , sweepstakes or other promotions together with a third party ( `` Co-Branded Services '' ) .",These Co-Branded Services may be hosted on Bible Gateway Services or on the third party 's service .,"By virtue of these relationships , we may share the information you submit in connection with the Co-Branded Service with the third party .",The third party 's use of your information will be governed by the third party 's privacy policy .
Bible Gateway and our service providers may use the information we collect from and about you to deliver relevant ads to you when you use the Bible Gateway Services or another service .,"As noted above , third-party advertising networks and advertisers may use cookies and similar technologies to collect and track information such as demographic information , inferred interests , aggregated information , and activity to assist them in delivering advertising that is more relevant to your interests .",Bible Gateway may periodically send promotional materials or notifications related to the Bible Gateway Services .,"If you want to stop receiving promotional materials , you can follow the unsubscribe instructions at the bottom of each email .","There are certain service notification emails that you may not opt-out of , such as notifications of changes to the Bible Gateway Services or policies ."
"If you have installed a mobile app and you wish to stop receiving push notifications , you can change the settings either on your mobile device or through the app .",To share with our Bible Gateway Affiliates .,Bible Gateway may share your information with Bible Gateway Affiliates for the purposes described in this Privacy Policy .,A link to a website that lists Bible Gateway Affiliates can be found at the beginning of this policy .,"Users who visit Bible Gateway Affiliates ' services should still refer to their separate privacy policies , which may differ in some respects from this Privacy Policy ."
Bible Gateway may share your information with business partners to permit them to send you marketing communications consistent with your choices .,To protect the rights of Bible Gateway and others .,"There may be instances when Bible Gateway may disclose your information , including situations where Bible Gateway has a good faith belief that such disclosure is necessary in order to : ( i ) protect , enforce , or defend the legal rights , privacy , safety , or property of Bible Gateway , our Bible Gateway Affiliates or their employees , agents and contractors ( including enforcement of our agreements and our terms of use ) ; ( ii ) protect the safety , privacy , and security of users of the Bible Gateway Services or members of the public ; ( iii ) protect against fraud or for risk management purposes ; ( iv ) comply with the law or legal process ; or ( v ) respond to requests from public and government authorities .","If The Zondervan Corporation sells all or part of its Bible Gateway division or makes a sale or transfer of its assets or is otherwise involved in a merger or transfer of all or a material part of its business , The Zondervan Corporation may transfer your information to the party or parties involved in the transaction as part of that transaction .","However , no one can guarantee the complete safety of your information ."
"In your request , please ( i ) include your email address , name , address , telephone number , and the Bible Gateway Service to which you provided the information and ( ii ) specify clearly what information you would like to access , change , update , or suppress .",Bible Gateway may modify this Privacy Policy .,United States data protection and other relevant laws may not be the same as those in your jurisdiction .,"The Bible Gateway Services may also be linked to sites operated by unaffiliated companies , and may carry advertisements or offer content , functionality , games , newsletters , contests or sweepstakes , or applications developed and maintained by unaffiliated companies .","In some cases , we may use an unaffiliated payment service to allow you to purchase a product or make payments ( `` Payment Service '' ) ."
We will retain your information for the period necessary to fulfill the purposes outlined in this Privacy Policy unless a longer retention period is required or allowed by law .,"Remember that even after you cancel your account , copies of some information from your account may remain viewable in some circumstances where , for example , you have shared information with social media or other services .","Because of the nature of caching technology , your account may not be instantly inaccessible to others .",We may also retain backup information related to your account on our servers for some time after cancelation for fraud detection or to comply with applicable law or our internal security policies .,"It is not always possible to completely remove or delete all of your information due to technical constraints , contractual , financial or legal requirements ."
"Depending upon context , `` Bitstamp '' may also refer to the services , products , Site , content or other materials ( collectively , `` Materials '' ) provided by Bitstamp.Bitstamp and its affiliates ( hereinafter , `` Bitstamp '' , `` we '' , `` us '' or `` our '' ) are committed to protecting and respecting your privacy.This Privacy Policy ( together with our Terms of Use ) governs our collection , processing and use of your Personal Information .",The kinds of Personal Information which we may collect about you and how it may be used ;,Any disclosure of Personal Information to third parties ;,"We may collect your Personal Information if you use the Site , open an Account to use the Platform or perform any Transactions on the Platform .",The types of Personal Information that we collect may include :
We may use your Personal Information for the following purposes :,To undertake a verification or your identity with our third party electronic identification provider as per the Money Laundering Regulations 2007 and AML policy .,"The email address you provide for order processing , may be used to send you information and updates pertaining to your order or request , in addition to receiving occasional company news , updates , promotions , related product or service information , etc . ;","We may collect information about your computer , including where available your IP address , operating system and browser type , for system administration .","They are widely used in order to make websites work , or work more efficiently , as well as to provide information to the owners of the site.Cookies are typically stored on your computer 's hard drive ."
The information collected from cookies allows us to determine such things as which parts of our Site are most visited and difficulties our visitors may experience in accessing our Site .,"With this knowledge , we can improve the quality of your experience on the Platform by recognizing and delivering more of the most desired features and information , as well as by resolving access difficulties .","We also use cookies and/or a technology known as web bugs or clear gifs , which are typically stored in emails to help us confirm your receipt of , and response to , our emails and to provide you with a more personalized experience when using our Site.We use third party service provider ( s ) , to assist us in better understanding the use of our Site .","Our service provider ( s ) will place cookies on the hard drive of your computer and will receive information that we select that will educate us on such things as how visitors navigate around our site , what products are browsed , and general Transaction information .",Our service provider ( s ) analyses this information and provides us with aggregate reports .
The information and analysis provided by our service provider ( s ) will be used to assist us in better understanding our visitors ' interests in our Site and how to better serve those interests .,The information collected by our service provider ( s ) may be linked to and combined with information that we collect about you while you are using the Platform .,Our service provider ( s ) is/are contractually restricted from using information they receive from our Site other than to assist us.By using our Site you are agreeing that we may use cookies for the purposes set out above .,"You consent to us disclosing that information where we are required by law to third parties for electronic identification purposes as outlined above.Non-personally identifiable visitor information may be provided to other parties for marketing , advertising , or other uses.Any third party that receives or has access to Personal Information shall be required by us to protect such Personal Information and to use it only to carry out the services they are performing for you or for Bitstamp , unless otherwise required or permitted by law .",We will ensure that any such third party is aware of our obligations under this Privacy Policy and we will enter into contracts with such third parties by which they are bound by terms no less protective of any Personal Information disclosed to them than the obligations we undertake to you under this Privacy Policy or which are imposed on us under applicable data protection laws .
"Occasionally , at our discretion , we may include or offer third party products or services on our website .",These third party sites have separate and independent privacy policies .,"Nonetheless , we seek to protect the integrity of our site and welcome any feedback about these sites.We do not control those third party sites or any of the content contained therein and you agree that we are in no way responsible or liable for any of those third party sites , including , without limitation , their content , policies , failures , promotions , products , services or actions and/or any damages , losses , failures or problems caused by , related to or arising from those sites .","The security measures in place will , from time to time , be reviewed in line with legal and technical developments .","We will hold your Personal Information only for as long as it is necessary for us to do so , having regard to the purposes described in this Privacy Policy and our own legal and regulatory obligations ."
"Our Site policies , content , information , promotions , disclosures , disclaimers and features may be revised , modified , updated , and/or supplemented at any time and without prior notice at the sole and absolute discretion of Bitstamp .","Private Information : information which personally identifies you and is collected and used by Bitstamp as set out in this Privacy Policy and/or as otherwise permitted by law.Account : : access which is granted to Members as set out in our Term of Use.Platform : hardware and software technologies which are used by Bitstamp to provide Service as set out in our Terms of Use.Transaction : means ( i ) the agreement between the Buyer and the Seller to exchange Bitcoins through the Service for currencies at a commonly agreed rate ( `` Bitcoin Purchase Transaction '' ) , ( ii ) the conversion of currencies into Bitcoins deposited by Members on their account ( `` Conversion Transaction '' ) , ( iii ) the transfer of Bitcoins among Members ( `` Bitcoin Transfer Transaction '' ) , ( iv ) the transfer of currencies among Members ( `` Currency Transfer Transaction '' ) and ( v ) the purchase of ancillary products ( `` Purchase Transactions '' ) .",Bitstamp may not offer all of these types of transactions at this time or in all places .,"This Privacy Policy applies to this Web site , any newsletters subscribed to via this Web site , information collected and provided to BLP when you subscribe to the digital edition of Bloomberg Businessweek at third-party websites and applications , and information collected offline when you subscribe to the print edition of Bloomberg Businessweek , but does not apply to any other products or services or to information collected in any other way ( whether offline or online ) by BLP , its general and limited partners , and its subsidiaries , and their respective general partners and affiliates ( collectively `` Bloomberg '' ) , unless expressly indicated by Bloomberg ( such as by including a link to this Privacy Policy on other Bloomberg websites or on Bloomberg mobile applications ) .","BLP or a designated service provider collects personal information that you voluntarily provide on this Web site , on third-party websites and applications when subscribing to the digital edition of Bloomberg Businessweek , or offline in connection with your Bloomberg Businessweek print edition subscription , which may include your name , address , e-mail address , credit card number , billing information , etc ."
"For example , BLP or a designated service provider collects personal information when you register on this Web site , request certain Bloomberg services or products , or submit the information to enter a sweepstakes , contest , or other promotion .","Consistent with the choice you make when providing personal information , Bloomberg may use your personal information to provide you with information , special offers , and promotions via various means including e-mail .","You may instruct BLP at any time not to use your personal information covered by this Privacy Policy to provide you with information , special offers , and promotions by clicking here .",You can also update your settings for receiving offers and promotions by email by clicking here .,Your choice does not apply to any other Bloomberg products or services to which you may subscribe or purchase .
"Please also note that this opt-out process may take some time to complete , consistent with applicable law .","BLP and the parties with whom we work ( e.g. , service providers , business partners ) may place , view , and/or use `` cookies , '' Web server logs , Web beacons , or other electronic tools to collect statistical and other information about your use of this Web site and other websites .","This information may include information about the IP address of your computer , browser type , language , operating system , your mobile device , geo-location data , the state or country from which you accessed this Web site , the Web pages visited , the date and the time of a visit , and the websites you visited immediately before and after visiting this Web site .","BLP and the parties with whom we work may use the information collected for various reasons , either on behalf of Bloomberg or for the other parties ' own purposes , including research , analysis , to better serve visitors to this Web site ( such as by enabling log-in , providing access to certain sections of this Web site , providing customized content , or presenting online advertising on this Web site or other websites tailored to your interests as described further below ) , to compile aggregate and anonymous information about usage of this Web site and other websites , other statistics , etc .","However , if you have deleted and disabled cookies , these uses will not be possible to the extent they are based on cookie information ."
"To assist us with the uses described in this Privacy Policy , information collected about your use of this Web site or other websites may be combined with personal or other information about you from other online or offline sources .",Most browsers are set to accept cookies by default .,"If you prefer , you can usually set your browser to disable cookies , or to alert you when cookies are being sent .","Likewise , most mobile devices allow you to disable the ability for geo-location information to be collected from your mobile device .","The help function on most browsers and mobile devices contains instructions on how to set your browser to notify you before accepting cookies , disable cookies entirely , or disable the collection of geo-location data ."
"However , if you disable cookies or refuse to accept a request to place a cookie , it is possible that some parts of this Web site , such as the polls , surveys , contests , and product sales , and certain areas of the Web site for which you need to log in , will not function properly , and the advertising you receive when you visit this Web site may not be advertisements tailored to your interests .","BLP , its designated service providers , or third-party advertisers or their advertising servers may also place or recognize unique cookies on your computer or use other electronic tools in order to help display advertisements that you see on this Web site or on other websites .","Information about your visits to , and activity on , this Web site and other websites , an IP address , the number of times you have viewed an advertisement , and other such usage information is used , alone or in combination with other information , to display on your device screen advertisements that may be of particular interest to you .","We may use Web beacons , provided by third-party advertising companies , to help manage and optimize our online advertising and product performance .","The use and collection of your information by these third-party service providers , and third-party advertisers and their advertising servers is not covered by this Privacy Policy ."
BLP 's designated service providers assist BLP with advertisement display functions and related analytics for this Web site .,"For a list of these designated service providers and more information about their anonymous information collection and use practices , please click here .",BLP may share your personal and other information with our affiliates ( including affiliated websites under common ownership or control ) and designated service providers .,"BLP may share with other third parties information about our Web site users , such as your use of this Web site or other websites , and the services provided on this Web site or other websites , but only on an anonymous and aggregate basis .","Consistent with the choice you make when providing personal information , BLP may also share your personal information with a sponsor or other third party ( `` Third-Party Provider '' ) that provides you with special offers or promotions that may be of interest to you ."
You may instruct BLP at any time not to share your personal information covered by this Privacy Policy with such Third-Party Providers by clicking here .,"Please note that ( i ) this opt-out process may take some time to complete , consistent with applicable law ; and ( ii ) even after such opt-out process is completed , your personal and other information may continue to be shared with our affiliates ( including affiliated websites under common ownership or control ) and designated service providers .","If you participate in certain features of this Web site ( e.g. , sharing news stories of interest ) , please note that any information you or others voluntarily disclose through use of these features , becomes available to the public and/or other users whom you have designated .","Bloomberg is not responsible for the information that you or others choose to disclose publicly on this Web site , and neither Bloomberg 's nor others ' use of such information is subject to this Privacy Policy .","BLP may also disclose your personal and other information to unaffiliated third parties if we believe in good faith that such disclosure is necessary : ( a ) to comply with the law or in response to a subpoena , court order , government request , or other legal process ; ( b ) to produce relevant documents or information in connection with litigation , arbitration , mediation , adjudication , government or internal investigations , or other legal or administrative proceedings ; ( c ) to protect the interests , rights , safety , or property of Bloomberg or others ; ( d ) to enforce any terms of service on this Web site ; ( e ) to provide you and other users of this Web site with the services or products requested by you and/or the other users ( including allowing a purchaser of BLP or a BLP division to continue to serve you ) , and to perform other activities related to such services and products , including billing and collection ; ( f ) to provide you with special offers or promotions from Bloomberg that may be of interest to you ; or ( g ) to operate Bloomberg 's systems properly ."
"The collection , further use , and/or disclosure of your information by Third-Party Providers or by other third parties is not the responsibility of Bloomberg .","Rather , such collection , use , and/or disclosure is governed by the third parties ' privacy policies .","To help us protect your privacy , you should maintain the secrecy of the logon ID and password you may have set up in connection with your participation in this Web site 's service .","While BLP will make reasonable efforts to accommodate your request , we also reserve the right to impose certain restrictions and requirements on such access requests , if allowed or required by applicable laws .",Some of the uses and disclosures mentioned in this Privacy Policy may involve the transfer of your personal information to various countries around the world that may have different levels of privacy protection than your country .
"BLP may provide links to third-party websites , including social networking websites .","Since we do not control third-party sites and are not responsible for any information you may provide while on such sites , we encourage you to read the privacy policies on those websites before providing any of your information on such sites .","If you are a California resident , California Civil Code Section 1798.83 permits you to request information regarding the disclosure of your personal information by BLP to its affiliates and/or third parties for their direct marketing purposes .",You may also make such a request by writing to us at :,"Please read the following to understand our views and practices regarding this matter , and how they pertain to you as you use our many offerings ."
The TRUSTe program does not cover information that may be collected through software downloaded from the site .,"When visiting a website displaying the TRUSTe Trustmark , you will be notified of what personally identifiable information of yours is collected :",With whom the information may be shared ;,And how you can correct any inaccuracies in the information .,What are the privacy standards for Care2 's marketplace partners and affiliates ?
Your personal information is used to set up your Care2 account and to allow you to use many Care2 member services .,Members may also supply additional information for special site services such as My Care2 and Biorhythms .,"Care2 may also ask for demographic information , such as your education level , occupation and industry .",Advertising : Care2 's goal in collecting personal and demographic information is to provide our members with the most personalized web experience possible and our advertisers with an efficient means to reach the right audience .,"By knowing about you , Care2 can deliver more relevant content and advertisements ( e.g . banner ads ) , and hence better service , to you ."
"In this process , only Care2 -- not the advertiser can access individuals ' account information .",We use third-party advertising companies to serve some of the ads when you visit our web site .,"These companies may use information ( not including your name , address , email or telephone number ) about your visits to this and other web sites in order to provide advertisements on this site and other sites about goods and services of interest to you .","In the course of serving advertisements on Care2.com , our third-party advertisers may place or recognize a unique `` cookie '' on your browser .","If you would like more information about this practice and to know your choices about not having this information use by these companies , click here ."
"Advertisers may also use `` clear gifs '' to track advertising page views , but this information is not connected to personal information collected by Care2 .","If you wish to not have this information used for the purpose of serving you targeted ads , you may opt-out by clicking Here .","Petition and Public Comment signers are required to provide certain personal information such as name , email address and often street address .","For petitions and surveys you 've signed or completed , we treat your name , city , state , country and comments as public information - for example , we may provide compilations of petitions , with your comments , to the President and legislators , other targets , or to the press .","We will not make your street address publicly available , but we may transmit it to members of Congress , to other public officials , or to other targets as part of a petition to validate your signature ."
"We may also make your comments , along with your first name , city , state and country , available to the press and public online .","Care2 hosts two kinds of petitions : free petitions sponsored by individuals and paid petitions sponsored by third parties , typically nonprofits or charities .","For many of the petitions sponsored by nonprofits , we provide an advocacy service allowing individuals to send individual e-mails to public officials , legislators , and other targets as well as public comments to government agencies , through our website .","During the signing process , you may opt to receive certain newsletters and memberships , in which case Care2 will send your contact information to those 3rd party providers .",Note that for many campaigns the default settings assume that you want to receive communications from the petition sponsor .
We may use your petition activity to personalize the actions you see on the site and that we send to you by email .,"In some cases , we may not be able to remove your personal information , in which case we will let you know if we are unable to do so and why .","E-Mail : To provide Care2 members email service , Care2 sends its email service provider , MailCentro , Inc. , your first and last name , user name , Care2 email address , and an encrypted password that serves as a proxy for your actual password ( Care2 does not relinquish your actual password , except on rare occasion as required to provide customer support to an individual ) .","If you no longer wish to receive our newsletter and promotional communications , you may opt-out of receiving them by following the instructions included in each newsletter or by going to your My Account page and change your preferences to unsubscribe from the newsletter .",Contact can be initiated for `` non-friends '' by using an anonymous messaging system that will not reveal either party 's address .
"If you wish to request removal of your information from our directory , you can contact us using our Help Form .","Remember : Because , much of this information will be publicly available , do NOT include confidential information .",Tell-a-Friend service : Care2 Connect members can elect to invite friends to join using an invitation template provided by Care2 .,Your friend may contact us using our Help Form to request that we remove this information from our database .,Members can remove themselves from the C2C system at any time by adjusting their account settings via their My Account Page .
Some changes may take up to 24 hours to appear on the site .,"Race for the Rain Forest , Race for the Big Cats , Race for the Primates , Race for the Pets in Need , Race for the Oceans and End Breast Cancer : Members and visitors may participate in the click-to-donate Races without entering personal information .",New visitors can become Race participants after registering for a Care2 account .,Race participants can elect to invite friends to join the Races using an invitation template provided by Care2 .,These updates can be disabled using the `` account settings '' page on the Race web site .
"Sending the url in personal e-mails or posting it in text or image-link format is entirely the member 's option , although Care2 specifically asks members to avoid sending the unique url to anyone they do not know .",Distributed Services : Care2 provides 3rd party affiliates access via service modules to certain content and services on the Care2 site .,"These modules may include discussion boards , user submitted content and other services .","The modules may be embedded to appear as if they are part of the 3rd party websites , though the modules themselves are hosted on Care2 servers .",RSS Feeds : Care2 makes some content on our site available as RSS feeds .
Content available for syndication is usually denoted with an XML or RSS button .,No modifications may be made to any of the materials syndicated .,"No individual , organization or company may license , sell or otherwise assign use of Care2 RSS content .",Facebook Connect : You can log in to our site using sign-in services such as Facebook Connect or an Open ID provider .,These services will authenticate your identity and provide you the option to share certain personal information with us such as your name and email address to pre-populate our sign up form .
Services like Facebook Connect give you the option to post information about your activities on this Web site to your profile page to share with others within your network .,"Users should always be aware that any personally identifiable information submitted to Care2.com can be read , collected , and used by other users of the Care2 site , and could be used to send unsolicited messages to the submitter .",Care2 is not responsible for personally identifiable information which users choose to submit .,"Care2 will only disclose your personal information when we believe in good faith that disclosure is necessary to protect our rights , protect your safety or the safety of others , investigate fraud , or respond to a government request , such as to comply with a subpoena , or similar legal process , or to protect the rights or property of Care2 , or as necessary to provide personalized Care2 member services .","If Care2 is involved in a merger , acquisition , or sale of all or a portion of its assets , you will be notified via email and/or a prominent notice on our Web site of any change in ownership or uses of your personal information , as well as any choices you may have regarding your personal information ."
"Care2 may also disclose your personal information , including name and contact information in some limited circumstances such as when you specifically opt to receive a 3rd party newsletter .",We may also provide information to trusted partners who work on behalf of or with Care2 under confidentiality agreements .,These companies may use your personal information to communicate with you about offers from Care2 and our marketing partners .,"Under confidentiality agreements , Care2 may also match user information with third-party data .","Also , Care2 does disclose aggregated user statistics ( for example , X % of our users are female ) in order to describe our services to prospective partners , advertisers , and other third parties , and for other lawful purposes ."
Select the appropriate function ( s ) to make your desired change ( s ) .,We will retain your information for as long as your account is active or as needed to provide you services .,"We will retain and use your information as necessary to comply with our legal obligations , resolve disputes , and enforce our agreements .","If you enable heightened security , no one ( including yourself ) can search for your login information and view it online .","Regardless of the above , Care2 may send occasional important updates regarding a member 's account , critical service announcements , and other correspondence to all registered members ."
You may do so by following this link to verify your identity .,"If you elect to receive any of these newsletters , some personal information including your name and contact information will be sent to the respective nonprofit or commercial entity delivering the newsletter .","( 2 ) The use of cookies by our [ partners , affiliates , tracking utility company , service providers ] and advertising networks serving ads onto Care2 may also use cookies .",Care2 has no control over information collected by advertising networks nor can we access this information .,"Third Parties , with whom we partner to provide certain features on our site or to display advertising based upon your Web browsing activity , use Flash cookies to collect and store information ."
"If you elect to disable cookies on web browser , you may be unable to use certain Care2 site features that require membership , such as accessing your email account , viewing member profiles , and changing your user preferences .","( 4 ) We , or a data provider we have engaged , may place or recognize a unique cookie on your browser to enable you to receive customized ads , content or services .",No personally identifiable information is placed into these cookies .,"The cookies may reflect de-identified demographic or other data linked to data you voluntarily have submitted to us , e.g. , your email address , in hashed , non-human readable form .","Additionally , emails we send may contain a bit of code known as a `` web beacon . ''"
Our web beacons do not collect personally identifiable information .,"In addition to cookies ( see above ) , Care2 and our third party advertising partners track information via database records and `` clear gifs '' .","If you elect to disable cookies on your hard drive , this will also disable database tracking of personalized statistics such as click-to-donate race clicks , and you may be unable to use certain Care2 site features that require your user name , such as accessing your email account , viewing member profiles , and changing your user preferences .","As mentioned above , in some cases you may opt to receive nonprofit partner newsletters or other commercial offers .","When you opt to receive such an offer via Care2 , we will send your email address and other necessary contact information to the newsletter publisher ."
"Depending on the newsletter , this may result in a fee paid to Care2 in exchange for a new customer .","Why then do some people receive spam at an account they have only used on Care2 ? Either the spammer did `` random combinations '' of letters/numbers to guess the address , the member sent someone an email message that somehow got distributed , or perhaps someone entered their address by mistake somewhere else .","Bottom line , if it came from a known spammer , we had nothing to do with it - spam is bad , we hate it , and we would never associate ourselves with spammers .","We do save messages that might be needed if the sender contacts us again , but we absolutely do not sell or rent e-mail addresses to other companies , unless you have specifically opted to receive such communications .","The facility has some of the most powerful physical security systems in the business , from advanced smoke detection and fire suppression systems to 24/7 secured access with motion sensors , video camera surveillance , and security breach alarms ."
Only certain Care2 employees are given access to the building .,Access to the database is protected by a firewall and secure data lines and available only to certain Care2 employees on an as-necessary basis .,"Therefore , we can not guarantee its absolute security .","Our data retention policy varies depending on the business and system needs , but remains in harmony with the other policies stated here .",Care2 's Privacy Policy does not extend to transactions you may enter into with affiliates or partners .
"Please keep in mind that whenever you voluntarily disclose personal information online - for example on message boards , through e-mail , Care2 Groups , or in chat areas - that information can be collected and used by others .","In short , by posting personal information online that is publicly accessible , you may receive unsolicited messages from other parties in return .","Furthermore , while we strive to protect your personal information , Care2 can not ensure or warrant the security of any information you transmit to us over the Internet , and you do so at your own risk .","Also , Care2 uses reputable third parties to serve some of the advertisements that you see on the pages of Care2 .",These companies may use information about your visits to this and other web sites in order to provide advertisements on this site and other sites about goods and services of interest to you .
"If you would like more information about this practice and to know your choices about not having this information used by these companies , please click here .","These Features may collect your IP address , which page you are visiting on our site , and may set a cookie to enable the Feature to function properly .",Social Media Features and Widgets are either hosted by a third party or hosted directly on our Site .,If the change involves the use of a user 's personally identifiable information then the notice to users will contain directions on how users can opt-out of the change .,CARFAX web sites are not directed at children under 13 and we will not knowingly allow anyone under 13 to provide any personally identifying information .
"For services offered at no cost to you , such as myCARFAX and Hot Listings , CARFAX may require you to provide an email address .",CARFAX may also require a Vehicle Identification Number ( VIN ) or license plate information to provide the relevant vehicle history information .,"CARFAX also allows you to ( 1 ) enter information regarding your vehicle when you use myCARFAX , and ( 2 ) share feedback related to third party products or services and submit other content or materials through public postings on CARFAX web sites .",Please be aware that if you disclose personally identifiable information or other sensitive information through public postings on CARFAX web sites the information will be viewable by others .,CARFAX web sites may contain web beacons to collect data regarding user traffic patterns .
"We may collect , or have a third party collect on our behalf , data on the number of visits , paths taken , time spent on CARFAX web sites , how visitors use and navigate through the CARFAX web site ( examples include , the number of users who visit various pages within the CARFAX web sites , information accessed by such visitors , whether they scroll up or down on particular pages or complete any forms ) , and other anonymous information that you may submit in the course of searching for vehicles such as zip code and/or type of vehicle viewed .","We use this information to improve the CARFAX web sites and learn about users , and may disclose it to our affiliates or to third parties .",We may include web beacons in some of our email communications to gauge the effectiveness of our customer communications and marketing campaigns .,"If you choose to participate in CARFAX surveys while on CARFAX web sites you may be asked to provide other anonymous demographic information such as zip code , age , gender , preferences and interests .",You may also receive emails from CARFAX offering additional CARFAX products and services and other special offers and promotions related to the used car buying and ownership process .
Information related to your vehicle that you submit through myCARFAX may be included in the vehicle history information for that vehicle .,We use information collected through cookies and web beacons to analyze usage and deliver customized content and advertising and uncover ways in which we can improve CARFAX web sites and make them easier to use .,CARFAX occasionally appends data collected through CARFAX web sites with third party data to effectively plan customer communications and marketing campaigns and analyze how the CARFAX web sites are used .,"For example , when you complete the CARFAX Report order form , all information you enter is encrypted via a secure sockets layer ( SSL ) before it is sent over the Internet to our secure servers and/or credit card processor , as applicable .","We do not retain the full payment card account number submitted in the process of purchasing a CARFAX Report in our systems , but we may store partial payment card number for up to six months for our reference ."
"CARFAX does not sell , trade , rent , or otherwise transfer personally identifiable information to others , except : ( i ) as provided in this Privacy Statement , ( ii ) to defend against legal claims or otherwise protect our rights , ( ii ) as required by law , judicial proceeding , court order , or legal process served on CARFAX , ( iv ) for purposes of law enforcement investigations , and/or ( v ) with your consent .","CARFAX may share with third parties , including other users and vendors : ( 1 ) information you submit regarding your vehicle through myCARFAX , ( 2 ) your feedback regarding third party products or services and ( 3 ) any other content or materials you submit through public posting on any CARFAX web site .","We may share non-personal , anonymous , statistical or demographic information in aggregate form with our advertisers , service providers or other third parties .","CARFAX uses third party service providers to perform various functions such as processing credit card transactions , analyzing data , serving advertisements and providing marketing assistance .",All service providers are contractually required to treat personally identifiable information as confidential .
CARFAX may include links in the CARFAX web sites and in emails to third party web sites whose privacy policies we do not control .,"Similarly , you may access CARFAX web sites through links on third party web sites .",By entering CARFAX web sites through a third party web site you may be allowing such third party 's web site to view any information you provide to CARFAX .,CARFAX is not responsible for the privacy practices or the content of any third party web sites .,We encourage you to review the privacy policies of any web sites through which you access CARFAX web sites or which you access through CARFAX web sites or emails to better understand such third party web sites ' data collection and use practices .
You may update or change the information pertaining to your account by contacting CARFAX by clicking here .,"You may opt out of receiving promotional emails from CARFAX when you complete the CARFAX Report order form , or you may unsubscribe at any time by using the link included on all marketing emails .",To unsubscribe from receiving promotional emails from CARFAX you can unsubscribe here .,To opt out of receiving targeted content and advertisements on CARFAX web sites you can change your browser options to stop accepting cookies or to prompt you before accepting a cookie from any web site .,"You will be able to access and use CARFAX web sites with cookies disabled , but the user experience may not be customized to your interests and needs ."
"If the changes are significant , we will provide you additional , prominent notice as appropriate under the circumstances .","We do not collect personally identifiable information ( name , address , e-mail address , social security number , or other unique identifiers ) on our websites unless we specifically advise you that we are doing so .",Your rights under the Privacy Act : Information concerning the Privacy Act can be found at the Department of Justice website .,This policy is updated when appropriate technology improvements are adopted by the Census Bureau .,"Questions and comments are only retained if required by law , or for a specific program need , as specified by the National Archives and Records Administration 's General Records Schedule ( GRS ) 20 , Electronic Records or other approved records schedule as applicable ."
"We use Hypertext Markup Language ( HTML ) to create pages that are generally accessible to persons using screen reading devices , and we are careful in our construction of HTML documents to ensure maximum accessibility .",Many Census Bureau Internet documents are in ASCII or HTML formats .,"Currently , many people using screen reading devices can not read documents in PDF format , specifically those that were created from a scanned hard copy .","Adobe Systems , Inc. is producing various products designed to make Adobe Acrobat documents accessible to persons using screen reading software .","When you send us personally identifiable information , we only use the information we need in order to gather the information you request or to process your response to a survey or census ."
Security & Third Party Links,"Further , websites that are known to violate Census Bureau , Department of Commerce , and/or Federal guidelines regarding access to certain types of websites and/or content are blocked , for example :",Third Party Websites & Applications,"Some may allow visitors to log in , create profiles and save information in those profiles .",We do not collect any personally identifiable information about you through your use of these social media/Web 2.0 platforms .
"We may collect non-identifying information , such as city , state , and zip code of visitors to these web sites for statistical , research , and promotional purposes only .",These surveys and/or feedback forms do not collect personally identifiable information .,"These technologies are commonly known as `` cookies , '' and may include the use of persistent cookies and other web measurement and customization technologies .",Tier 2 - Multi Session without Personally Identifiable Information,"This technology notices when a user returns to a website and remembers his or her online interactions and preferences across multiple sessions , typically for the purpose of web analytics , but also for customizing people 's online experience ."
Tier 3 - Multi Session with Personally Identifiable Information,"This technology is the same as Tier 2 , but ties a tracking mechanism to the user 's personally identifiable information .",The logs may be kept indefinitely and used at any time and in any way necessary to prevent a security breach and to ensure the integrity of the data on our servers .,Transient cookies are used to keep track of user selections so that new requests for specific data or maps can be created more efficiently .,No personally identifiable information is permanently retained on either the users or the Census Bureau 's computers .
"When responding to surveys over the Internet that collect personally identifiable information , Tier 2 technology is used .",The following also applies to personally identifiable information provided in response to a Census Bureau survey or census .,"In response to a survey or census via the Internet , you may have to provide us personally identifiable information .","Change.org , Inc. ( the Company , we or us ) has established this privacy policy to explain to you how your information is protected , collected and used , which may be updated by us from time to time .",Your Personal Information ( defined below ) is not shared with any third parties without your consent except as noted below .
"Most companies on the web use cookies to enable special features or to provide you with a better , faster , or safer experience .","We use cookies to make Change.org better and easier to use ; to provide you with a more personalised experience ; and to protect you , others , and Change.org from malicious activity .","We do not use cookies to create a profile of your browsing behaviour on third-party sites , although we may use anonymous or aggregate data to track overall usage of Change.org .","You can remove or block cookies using the settings in your browser , but in some cases , this may impact your ability to use Change.org .","Notwithstanding the foregoing the Company maintains the right at all times to contact its members for business related purposes ( some examples include , but are not limited to : ( i ) if a user requests a new password , ( ii ) if the Company chooses to alert its users about an update to this Privacy Policy or its Terms of Service , or ( iii ) in response to an action taken by you using the Company 's products and/or services , such as signing a petition or updating your profile ) ."
You have complete control over who may see your profile .,"If you set your profile to public , anyone can view it and your profile may be indexed by internet search engines ; both of these may be changed following the directions provided above .","Postings made on our website may include links to third party websites , and such websites will have different privacy policies than those set forth herein .","We disclaim all responsibility for compliance with the privacy policies of those third party websites , and strongly urge all users to review such privacy policies .","We may additionally track data ( including data which has been marked by the user as Deleted ) relating to your behaviour on the website , including , but not limited to , creating a campaign , signing a campaign , your general geographic region and/or your organisation affiliations ( your Campaign Activity Information ) ."
"Please do not post any personal information in any public forum of Change.org which you expect to remain private , including , but not limited to , any Personal Information and/or Campaign Activity Information .",We also reserve the right to collect any data about you which is publicly available ; this data may be obtained by us or by a 3rd party engaged by us to collect such information .,"We do NOT collect sensitive information from our users ( including , but not limited , to personal information specifying medical or health conditions , racial or ethnic origin , political opinions , religious or philosophical beliefs , trade union membership or information specifying the sex life of the individual ) ; however , a visitor to the website may be able to ascertain such sensitive information by the data which you choose to display on the Company 's website ( s ) .","We make good faith efforts to store all collected data in a secure operating environment that is not available to the public , although we can not guarantee complete security .",How we may use your data
We may share your Personal Information with the following third parties :,"Affiliated third parties ( for example , our database administrators ) for the sole purpose of helping us do our work .","If you sign a petition , please be advised that , even if you uncheck the box Display my signature publicly , your Personal Information may be delivered to the intended recipient of such campaign and/or the creator of such campaign either electronically or in writing ; the Company does not in any manner monitor or attempt to verify the intended recipients of any campaign and/or the creator of any campaign and disclaims all liability regarding the accuracy of the intended recipient ( s ) of all campaigns and/or creator ( s ) of all campaigns .","If you would like to receive direct communication from the organisations you support , you may choose to have us pass your Personal Information to such organisations ; please note that whenever you choose to have us pass such Personal Information to an organisation , we will additionally inform the organisation of the source campaign where you made this election .","Please also be advised that the default settings for many of our campaigns assume that you wish to receive communications from the organisations you support ; if you do not wish to receive such communications , please uncheck the box Keep me updated by [ name of organisation ] ( or other language of a similar nature ) before signing such campaign ."
"In addition , we may utilise your Campaign Activity Information for internal purposes to help us personalise the experience for each user and to operate , maintain and improve the features and functionality of our website .","Please note that if you choose to make some of your Campaign Activity Information public ( such as publicly displaying your signature to a petition or making a comment in a public forum ) , 3rd parties will have access to such information .","Notwithstanding anything to the contrary set forth herein , the Company : ( 1 ) may disclose information about its users if required to do so by law or in the good faith belief that such disclosure is reasonably necessary to respond to subpoenas , court orders , or other legal process ; and ( 2 ) may also disclose information about its users to law enforcement officers or others , in the good faith belief that such disclosure is reasonably necessary to : ( a ) enforce our Terms of Service ; ( b ) respond to claims that any posting or other content violates the rights of third-parties ; ( c ) or protect the rights , property , or personal safety of the Company , its users or the general public .","In the event that the Company is involved in a bankruptcy , merger , acquisition , reorganisation or sale of assets , your information may be sold or transferred as part of that transaction .","If applicable , we may also pre-populate the telephone number field for your convenience ; and ( 2 ) You wo n't be hearing from Change.org via telephone unless you start a petition and the Company needs to contact you regarding petition issues or to potentially provide support to your campaign ."
Search engines and other websites unaffiliated with the Company may archive or otherwise make available information publicly displayed on our website .,"By visiting our web site and providing us with data , you acknowledge and agree that due to the international dimension of Change.org , we may use the data collected in the course of our relationship for the purposes identified in this policy or in our other communications with you , including the transmission of information outside your resident jurisdiction .","In addition , please understand that such data may be stored on servers located in the United States .","The Company has further committed to cooperate with the appropriate regulatory authorities , including local data protection authorities , to resolve any complaints regarding the transfer of personal data that can not be resolved between the Company and an individual .","When you sign up for or use our products , we may request personal information from you ."
"We will not sell this information to others , but may use it to offer you additional products , promotions , or for future development ideas .","When you communicate with Code School , through email or other means , we may retain copies or transcripts .","Since you provide us with sensitive information , we take every measure possible to protect your information against unauthorized access or disclosure .",We may update or change our Privacy Policy as needed .,"We at Coolmath.com , Inc. want everyone 's visit here to be enjoyable and safe ."
Coolmath does not collect ANY user information and does not disclose ANY information to third parties .,"The information gathered are things like your IP address ( that 's a special number that your internet service provider uses ) , your state , what pages you visited while on Coolmath and how long you were on each page .","This information is used only for internal purposes and is invaluable to us because it lets us know what you like and want more of , so we can continue to make Coolmath better .","It 's also really important for us to be able to track our traffic so we know when we need to upgrade our servers ! Without this info , we would n't have a clue !","Without cookies , the complicated process of placing ads on websites can not function , but it 's thanks to these great agencies that Coolmath can be free for everyone ! ( They help buy food for my cats , too . )"
We have asked all of our advertising networks to turn off all behaviorally targeted ads that would track a user or attempt to create a profile on any of our users .,Our goal at Coolmath is to have these tools used as safely as possible with our users .,"To this end , we are very careful to only work with the most reputable of advertising agencies .","Typically , a leadback cookie is a user tracker , but not in our case .","Here is more information about online advertising that 's put out by the IAB , so you can learn more about all of this :"
"Here are the privacy policy 's of each of our service providers , along with opt-out options .","As stated above , Coolmath does not run behaviorally targeted ads , but , if you want to opt out of these on other websites that do , you can opt out here :",We will NEVER sell your e-mail address or show it to anyone else .,Here are just a few things to keep in mind when talking to your kids about the Internet :,"* Impress upon your child the importance of never engaging others in a communication that would put him or her at risk , such as agreeing to meet someone he or she has been `` chatting '' with , but never met ."
We will NEVER sell your e-mail address or show it to anyone else .,You can reach me at with any questions or concerns regarding this privacy policy .,"You may freely distribute , copy , or link to any of this information .","However , the information may not be used in a way that states or implies CPSC endorsement .","Images on this website may have been licensed for use by CPSC from a stock photography service or other copyright holder and the copyright holder may prohibit republication , retransmission , reproduction or other use of the images ."
"You may freely copy and distribute recall notices , including photographs of recalled items , without permission .",Any other use of photographs found in recall notices may require permission from a copyright holder .,Questions about use of specific images or other materials may be submitted via our Contact Us form .,"By law , we can provide this information to the manufacturer only if you give us written permission to do so .","When you visit some websites , their web servers generate pieces of information known as `` cookies . ''"
Visitors can accept cookies ( generally their browser 's default setting ) or decline them through their browser settings .,"The cookie does not contain any Personally Identifiable Information ( PII ) , is not stored on your computer , and is deleted as soon as you close your browser .","The sole purpose of this Tier 2 ( multi-session , persistent , tracking ) cookie , which ForeSee Results ' survey mechanism places by default on a visitor 's hard drive , is to track whether a particular visitor to the CPSC website has previously taken or declined to participate in the survey so as not to be offered it again within a certain amount of time .","No PII is saved in this cookie set by ForeSee Results , nor can this cookie be used to track visitor activities across other websites .",You may opt out of this tracking technology by modifying your individual browser settings .
"No PII is saved in these Google Analytics cookies , nor can the cookies be used to track visitor activities across other websites .",You may opt-out of this technology by modifying your individual browser settings .,"The business portal of SaferProducts.gov utilizes a single session , non-persistent cookie ( classified by the OMB guidelines as Tier 1 ) to identify which company a registered user would like to represent when the user is associated with more than one company .","No PII is saved in these cookies , nor can these cookies be used to track user activities across other websites .",CPSC may periodically review this usage data to help improve our content .
"In these cases , Flickr may set a persistent cookie as a result of the embedded content .",CPSC use of any possible information provided to us through this embedded content will be consistent with the previously stated usage .,The CPSC 's websites utilize some third-party applications to maintain site security and enhance visitor accessibility of information contained on these sites .,"Clearspring , however , will not share this information with anyone , including the CPSC , and the information will be removed automatically from its site after a short period .",Only authorized CPSC personnel will have access to this information and may utilize it in investigations and other legally-authorized agency activities .
"In order to manage our sites , we collect some information for statistical purposes .","We use the statistics for such purposes as assessing what information is of most and least interest to users , improving technical design specifications , and identifying performance or problem areas .","Depending on the requester 's method of network connection , the host name ( or IP address ) may or may not identify a specific computer .","Connections via many Internet Service Providers assign different IP addresses for each session , so the host name identifies only the ISP .","Mozilla/4.04 [ en ] ( Win95 ; U ) -- this identifies the type of browser software and operating system used to access the page , which may affect the design parameters to use in constructing the pages ."
"CPSC recognizes that an open Internet policy , with respect to the dissemination of information via its web site , is an ideal way to deliver safety information to the widest possible audience .","However , no link may present or display a product or activity in a way that states or implies CPSC endorsement .","From time to time , CPSC also may decide on its own , not based on any request , to out-link to a non-Federal web site .","This would be a Commission decision , where such a link would clearly support the agency 's mission of preventing deaths and injuries from consumer products , and where it is clearly determined that it would not in any way jeopardize the agency 's independent , regulatory status .","Such a link may be short or long-term , at the discretion of the Commission ."
All materials on the site are presented by the CPSC for general informational purposes only .,"These people have a right to expect CPSC will collect , maintain , use and disseminate identifiable personal information only as authorized by law and as necessary to carry out agency responsibilities .",Privacy Impact Assessments ( PIAs ) are performed on computer systems and applications in order to evaluate any risks these systems may pose to personally identifiable information .,"All systems containing personally identifiable information are reviewed on an annual basis to ensure that holdings are accurate , relevant , timely and complete and necessary for the proper performance of a documented agency function .","To ensure the security of the site and to ensure that the service remains available to all users , this government security system employs software programs to monitor network traffic so we can identify unauthorized attempts to upload or change information , or otherwise cause damage ."
